<?xml version="1.0" encoding="utf-8" standalone="yes"?>
<application xmlns="http://ns.adobe.com/air/application/2.6">
    <id>com.veronique.Album</id>
    <filename>Album</filename>
    <name>Album</name>
    <versionNumber>1.0.0</versionNumber>
    <initialWindow>
        <content>album.swf</content>
        <autoOrients>false</autoOrients>
        <fullScreen>true</fullScreen>
        <visible>true</visible>
        <renderMode>cpu</renderMode>
    </initialWindow>
    <icon>
        <image36x36>assets/icon36.png</image36x36>
        <image48x48>assets/icon48.png</image48x48>
        <image72x72>assets/icon72.png</image72x72>
    </icon>
    <android>
        <manifestAdditions><![CDATA[<manifest><uses-permission android:name="android.permission.INTERNET"/><uses-permission android:name="android.permission.WRITE_EXTERNAL_STORAGE"/><uses-permission android:name="android.permission.ACCESS_FINE_LOCATION"/><uses-permission android:name="android.permission.ACCESS_COARSE_LOCATION"/><uses-permission android:name="android.permission.CAMERA"/><uses-permission android:name="android.permission.RECORD_AUDIO"/></manifest>]]></manifestAdditions>
    </android>
    <versionLabel></versionLabel>
</application>