<?xml version="1.0" encoding="utf-8" standalone="yes"?>
<application xmlns="http://ns.adobe.com/air/application/2.6">
    <id>albumDesktop</id>
    <versionNumber>1.0</versionNumber>
    <filename>albumDesktop</filename>
    <name>albumDesktop</name>
    <initialWindow>
        <content>albumDesktop.swf</content>
        <systemChrome>standard</systemChrome>
        <transparent>false</transparent>
        <visible>true</visible>
        <fullScreen>false</fullScreen>
        <autoOrients>false</autoOrients>
        <aspectRatio>landscape</aspectRatio>
        <resizable>false</resizable>
    <maximizable>true</maximizable><minimizable>true</minimizable></initialWindow>
    <icon>
        <image48x48>assets/icon48.png</image48x48>
    </icon>
<customUpdateUI>false</customUpdateUI><copyright></copyright><description></description></application>