<tags level="0th IFD GPS Info Tags">
  <tag tag_name="GPS tag version" field_name="GPSVersionID" id="0x0000" compressed="O">
    <uncompressed chunky="O" planar="O" ycc="O" />
  </tag>
  <tag tag_name="North or South Latitude" field_name="GPSLatitudeRef" id="0x0001" compressed="O">
    <uncompressed chunky="O" planar="O" ycc="O" />
  </tag>
  <tag tag_name="Latitude" field_name="GPSLatitude" id="0x0002" compressed="O">
    <uncompressed chunky="O" planar="O" ycc="O" />
  </tag>
  <tag tag_name="East or West Longitude" field_name="GPSLongitudeRef" id="0x0003" compressed="O">
    <uncompressed chunky="O" planar="O" ycc="O" />
  </tag>
  <tag tag_name="Longitude" field_name="GPSLongitude" id="0x0004" compressed="O">
    <uncompressed chunky="O" planar="O" ycc="O" />
  </tag>
  <tag tag_name="Altitude reference" field_name="GPSAltitudeRef" id="0x0005" compressed="O">
    <uncompressed chunky="O" planar="O" ycc="O" />
  </tag>
  <tag tag_name="Altitude" field_name="GPSAltitude" id="0x0006" compressed="O">
    <uncompressed chunky="O" planar="O" ycc="O" />
  </tag>
  <tag tag_name="GPS time (atomic clock)" field_name="GPSTimeStamp" id="0x0007" compressed="O">
    <uncompressed chunky="O" planar="O" ycc="O" />
  </tag>
  <tag tag_name="GPS satellites used for measurement" field_name="GPSSatellites" id="0x0008" compressed="O">
    <uncompressed chunky="O" planar="O" ycc="O" />
  </tag>
  <tag tag_name="GPS receiver status" field_name="GPSStatus" id="0x0009" compressed="O">
    <uncompressed chunky="O" planar="O" ycc="O" />
  </tag>
  <tag tag_name="GPS measurement mode" field_name="GPSMeasureMode" id="0x000a" compressed="O">
    <uncompressed chunky="O" planar="O" ycc="O" />
  </tag>
  <tag tag_name="Measurement precision" field_name="GPSDOP" id="0x000b" compressed="O">
    <uncompressed chunky="O" planar="O" ycc="O" />
  </tag>
  <tag tag_name="Speed unit" field_name="GPSSpeedRef" id="0x000c" compressed="O">
    <uncompressed chunky="O" planar="O" ycc="O" />
  </tag>
  <tag tag_name="Speed of GPS receiver" field_name="GPSSpeed" id="0x000d" compressed="O">
    <uncompressed chunky="O" planar="O" ycc="O" />
  </tag>
  <tag tag_name="Reference for direction of movement" field_name="GPSTrackRef" id="0x000e" compressed="O">
    <uncompressed chunky="O" planar="O" ycc="O" />
  </tag>
  <tag tag_name="Direction of movement" field_name="GPSTrack" id="0x000f" compressed="O">
    <uncompressed chunky="O" planar="O" ycc="O" />
  </tag>
  <tag tag_name="Reference for direction of image" field_name="GPSImgDirectionRef" id="0x0010" compressed="O">
    <uncompressed chunky="O" planar="O" ycc="O" />
  </tag>
  <tag tag_name="Direction of image" field_name="GPSImgDirection" id="0x0011" compressed="O">
    <uncompressed chunky="O" planar="O" ycc="O" />
  </tag>
  <tag tag_name="Geodetic survey data used" field_name="GPSMapDatum" id="0x0012" compressed="O">
    <uncompressed chunky="O" planar="O" ycc="O" />
  </tag>
  <tag tag_name="Reference for latitude of destination" field_name="GPSDestLatitudeRef" id="0x0013" compressed="O">
    <uncompressed chunky="O" planar="O" ycc="O" />
  </tag>
  <tag tag_name="Latitude of destination" field_name="GPSDestLatitude" id="0x0014" compressed="O">
    <uncompressed chunky="O" planar="O" ycc="O" />
  </tag>
  <tag tag_name="Reference for longitude of destination" field_name="GPSDestLongitudeRef" id="0x0015" compressed="O">
    <uncompressed chunky="O" planar="O" ycc="O" />
  </tag>
  <tag tag_name="Longitude of destination" field_name="GPSDestLongitude" id="0x0016" compressed="O">
    <uncompressed chunky="O" planar="O" ycc="O" />
  </tag>
  <tag tag_name="Reference for bearing of destination" field_name="GPSDestBearingRef" id="0x0017" compressed="O">
    <uncompressed chunky="O" planar="O" ycc="O" />
  </tag>
  <tag tag_name="Bearing of destination" field_name="GPSDestBearing" id="0x0018" compressed="O">
    <uncompressed chunky="O" planar="O" ycc="O" />
  </tag>
  <tag tag_name="Reference for distance to destination" field_name="GPSDestDistanceRef" id="0x0019" compressed="O">
    <uncompressed chunky="O" planar="O" ycc="O" />
  </tag>
  <tag tag_name="Distance to destination" field_name="GPSDestDistance" id="0x001a" compressed="O">
    <uncompressed chunky="O" planar="O" ycc="O" />
  </tag>
  <tag tag_name="Name of GPS processing method" field_name="GPSProcessingMethod" id="0x001b" compressed="O">
    <uncompressed chunky="O" planar="O" ycc="O" />
  </tag>
  <tag tag_name="Name of GPS area" field_name="GPSAreaInformation" id="0x001c" compressed="O">
    <uncompressed chunky="O" planar="O" ycc="O" />
  </tag>
  <tag tag_name="GPS date" field_name="GPSDateStamp" id="0x001d" compressed="O">
    <uncompressed chunky="O" planar="O" ycc="O" />
  </tag>
  <tag tag_name="GPS differential correction" field_name="GPSDifferential" id="0x001e" compressed="O">
    <uncompressed chunky="O" planar="O" ycc="O" />
  </tag>
</tags>
