<tags level="0th IFD Exif Private Tags">
  <tag tag_name="Exposure time" field_name="ExposureTime" id="0x829a" compressed="R">
    <uncompressed chunky="R" planar="R" ycc="R" />
  </tag>
  <tag tag_name="F number" field_name="FNumber" id="0x829d" compressed="O">
    <uncompressed chunky="O" planar="O" ycc="O" />
  </tag>
  <tag tag_name="Exposure program" field_name="ExposureProgram" id="0x8822" compressed="O">
    <uncompressed chunky="O" planar="O" ycc="O" />
  </tag>
  <tag tag_name="Spectral sensitivity" field_name="SpectralSensitivity" id="0x8824" compressed="O">
    <uncompressed chunky="O" planar="O" ycc="O" />
  </tag>
  <tag tag_name="ISO speed ratings" field_name="ISOSpeedRatings" id="0x8827" compressed="O">
    <uncompressed chunky="O" planar="O" ycc="O" />
  </tag>
  <tag tag_name="Optoelectric coefficient" field_name="OECF" id="0x8828" compressed="O">
    <uncompressed chunky="O" planar="O" ycc="O" />
  </tag>
  <tag tag_name="Exif Version" field_name="ExifVersion" id="0x9000" compressed="M">
    <uncompressed chunky="M" planar="M" ycc="M" />
  </tag>
  <tag tag_name="Date and time original image was generated" field_name="DateTimeOriginal" id="0x9003" compressed="O">
    <uncompressed chunky="O" planar="O" ycc="O" />
  </tag>
  <tag tag_name="Date and time image was made digital data" field_name="DateTimeDigitized" id="0x9004" compressed="O">
    <uncompressed chunky="O" planar="O" ycc="O" />
  </tag>
  <tag tag_name="Meaning of each component" field_name="ComponentsConfiguration" id="0x9101" compressed="M">
    <uncompressed chunky="N" planar="N" ycc="N" />
  </tag>
  <tag tag_name="Image compression mode" field_name="CompressedBitsPerPixel" id="0x9102" compressed="O">
    <uncompressed chunky="N" planar="N" ycc="N" />
  </tag>
  <tag tag_name="Shutter speed" field_name="ShutterSpeedValue" id="0x9201" compressed="O">
    <uncompressed chunky="O" planar="O" ycc="O" />
  </tag>
  <tag tag_name="Aperture" field_name="ApertureValue" id="0x9202" compressed="O">
    <uncompressed chunky="O" planar="O" ycc="O" />
  </tag>
  <tag tag_name="Brightness" field_name="BrightnessValue" id="0x9203" compressed="O">
    <uncompressed chunky="O" planar="O" ycc="O" />
  </tag>
  <tag tag_name="Exposure bias" field_name="ExposureBiasValue" id="0x9204" compressed="O">
    <uncompressed chunky="O" planar="O" ycc="O" />
  </tag>
  <tag tag_name="Maximum lens aperture" field_name="MaxApertureValue" id="0x9205" compressed="O">
    <uncompressed chunky="O" planar="O" ycc="O" />
  </tag>
  <tag tag_name="Subject distance" field_name="SubjectDistance" id="0x9206" compressed="O">
    <uncompressed chunky="O" planar="O" ycc="O" />
  </tag>
  <tag tag_name="Metering mode" field_name="MeteringMode" id="0x9207" compressed="O">
    <uncompressed chunky="O" planar="O" ycc="O" />
  </tag>
  <tag tag_name="Light source" field_name="LightSource" id="0x9208" compressed="O">
    <uncompressed chunky="O" planar="O" ycc="O" />
  </tag>
  <tag tag_name="Flash" field_name="Flash" id="0x9209" compressed="R">
    <uncompressed chunky="R" planar="R" ycc="R" />
  </tag>
  <tag tag_name="Lens focal length" field_name="FocalLength" id="0x920a" compressed="O">
    <uncompressed chunky="O" planar="O" ycc="O" />
  </tag>
  <tag tag_name="Subject area" field_name="SubjectArea" id="0x9214" compressed="O">
    <uncompressed chunky="O" planar="O" ycc="O" />
  </tag>
  <tag tag_name="Manufacturer notes" field_name="MakerNote" id="0x927c" compressed="O">
    <uncompressed chunky="O" planar="O" ycc="O" />
  </tag>
  <tag tag_name="User comments" field_name="UserComment" id="0x9286" compressed="O">
    <uncompressed chunky="O" planar="O" ycc="O" />
  </tag>
  <tag tag_name="DateTime subseconds" field_name="SubSecTime" id="0x9290" compressed="O">
    <uncompressed chunky="O" planar="O" ycc="O" />
  </tag>
  <tag tag_name="DateTimeOriginal subseconds" field_name="SubSecTimeOriginal" id="0x9291" compressed="O">
    <uncompressed chunky="O" planar="O" ycc="O" />
  </tag>
  <tag tag_name="DateTimeDigitized subseconds" field_name="SubSecTimeDigitized" id="0x9292" compressed="O">
    <uncompressed chunky="O" planar="O" ycc="O" />
  </tag>
  <tag tag_name="Supported Flashpix version" field_name="FlashpixVersion" id="0xa000" compressed="M">
    <uncompressed chunky="M" planar="M" ycc="M" />
  </tag>
  <tag tag_name="Color space information" field_name="ColorSpace" id="0xa001" compressed="M">
    <uncompressed chunky="M" planar="M" ycc="M" />
  </tag>
  <tag tag_name="Valid image width" field_name="PixelXDimension" id="0xa002" compressed="M">
    <uncompressed chunky="N" planar="N" ycc="N" />
  </tag>
  <tag tag_name="Valid image height" field_name="PixelYDimension" id="0xa003" compressed="M">
    <uncompressed chunky="N" planar="N" ycc="N" />
  </tag>
  <tag tag_name="Related audio file" field_name="RelatedSoundFile" id="0xa004" compressed="O">
    <uncompressed chunky="O" planar="O" ycc="O" />
  </tag>
  <tag tag_name="Interoperability tag" field_name="InteroperabilityIFDPointer" id="0xa005" compressed="O">
    <uncompressed chunky="N" planar="N" ycc="N" />
  </tag>
  <tag tag_name="Flash energy" field_name="FlashEnergy" id="0xa20b" compressed="O">
    <uncompressed chunky="O" planar="O" ycc="O" />
  </tag>
  <tag tag_name="Spatial frequency response" field_name="SpatialFrequencyResponse" id="0xa20c" compressed="O">
    <uncompressed chunky="O" planar="O" ycc="O" />
  </tag>
  <tag tag_name="Focal plane X resolution" field_name="FocalPlaneXResolution" id="0xa20e" compressed="O">
    <uncompressed chunky="O" planar="O" ycc="O" />
  </tag>
  <tag tag_name="Focal plane Y resolution" field_name="FocalPlaneYResolution" id="0xa20f" compressed="O">
    <uncompressed chunky="O" planar="O" ycc="O" />
  </tag>
  <tag tag_name="Focal plane resolution unit" field_name="FocalPlaneResolutionUnit" id="0xa210" compressed="O">
    <uncompressed chunky="O" planar="O" ycc="O" />
  </tag>
  <tag tag_name="Subject location" field_name="SubjectLocation" id="0xa214" compressed="O">
    <uncompressed chunky="O" planar="O" ycc="O" />
  </tag>
  <tag tag_name="Exposure index" field_name="ExposureIndex" id="0xa215" compressed="O">
    <uncompressed chunky="O" planar="O" ycc="O" />
  </tag>
  <tag tag_name="Sensing method" field_name="SensingMethod" id="0xa217" compressed="O">
    <uncompressed chunky="O" planar="O" ycc="O" />
  </tag>
  <tag tag_name="File source" field_name="FileSource" id="0xa300" compressed="O">
    <uncompressed chunky="O" planar="O" ycc="O" />
  </tag>
  <tag tag_name="Scene type" field_name="SceneType" id="0xa301" compressed="O">
    <uncompressed chunky="O" planar="O" ycc="O" />
  </tag>
  <tag tag_name="CFA pattern" field_name="CFAPattern" id="0xa302" compressed="O">
    <uncompressed chunky="O" planar="O" ycc="O" />
  </tag>
  <tag tag_name="Custom image processing" field_name="CustomRendered" id="0xa401" compressed="O">
    <uncompressed chunky="O" planar="O" ycc="O" />
  </tag>
  <tag tag_name="Exposure mode" field_name="ExposureMode" id="0xa402" compressed="R">
    <uncompressed chunky="R" planar="R" ycc="R" />
  </tag>
  <tag tag_name="White balance" field_name="WhiteBalance" id="0xa403" compressed="R">
    <uncompressed chunky="R" planar="R" ycc="R" />
  </tag>
  <tag tag_name="Digital zoom ratio" field_name="DigitalZoomRatio" id="0xa404" compressed="O">
    <uncompressed chunky="O" planar="O" ycc="O" />
  </tag>
  <tag tag_name="Focal length in 35 mm film" field_name="FocalLengthIn35mmFilm" id="0xa405" compressed="O">
    <uncompressed chunky="O" planar="O" ycc="O" />
  </tag>
  <tag tag_name="Scene capture type" field_name="SceneCaptureType" id="0xa406" compressed="R">
    <uncompressed chunky="R" planar="R" ycc="R" />
  </tag>
  <tag tag_name="Gain control" field_name="GainControl" id="0xa407" compressed="O">
    <uncompressed chunky="O" planar="O" ycc="O" />
  </tag>
  <tag tag_name="Contrast" field_name="Contrast" id="0xa408" compressed="O">
    <uncompressed chunky="O" planar="O" ycc="O" />
  </tag>
  <tag tag_name="Saturation" field_name="Saturation" id="0xa409" compressed="O">
    <uncompressed chunky="O" planar="O" ycc="O" />
  </tag>
  <tag tag_name="Sharpness" field_name="Sharpness" id="0xa40a" compressed="O">
    <uncompressed chunky="O" planar="O" ycc="O" />
  </tag>
  <tag tag_name="Device settings description" field_name="DeviceSettingDescription" id="0xa40b" compressed="O">
    <uncompressed chunky="O" planar="O" ycc="O" />
  </tag>
  <tag tag_name="Subject distance range" field_name="SubjectDistanceRange" id="0xa40c" compressed="O">
    <uncompressed chunky="O" planar="O" ycc="O" />
  </tag>
  <tag tag_name="Unique image ID" field_name="ImageUniqueID" id="0xa420" compressed="O">
    <uncompressed chunky="O" planar="O" ycc="O" />
  </tag>
</tags>
