<tags level="1th IFD TIFF Tags">
  <tag tag_name="Image width" field_name="ImageWidth" id="0x0100" compressed="J">
    <uncompressed chunky="M" planar="M" ycc="M" />
  </tag>
  <tag tag_name="Image height" field_name="ImageLength" id="0x0101" compressed="J">
    <uncompressed chunky="M" planar="M" ycc="M" />
  </tag>
  <tag tag_name="Number of bits per component" field_name="BitsPerSample" id="0x0102" compressed="J">
    <uncompressed chunky="M" planar="M" ycc="M" />
  </tag>
  <tag tag_name="Compression scheme" field_name="Compression" id="0x0103" compressed="M">
    <uncompressed chunky="M" planar="M" ycc="M" />
  </tag>
  <tag tag_name="Pixel composition" field_name="PhotometricInterpretation" id="0x0106" compressed="J">
    <uncompressed chunky="M" planar="M" ycc="M" />
  </tag>
  <tag tag_name="Image title" field_name="ImageDescription" id="0x010e" compressed="O">
    <uncompressed chunky="O" planar="O" ycc="O" />
  </tag>
  <tag tag_name="Manufacturer of image input equipment" field_name="Make" id="0x010f" compressed="O">
    <uncompressed chunky="O" planar="O" ycc="O" />
  </tag>
  <tag tag_name="Model of image input equipment" field_name="Model" id="0x0110" compressed="O">
    <uncompressed chunky="O" planar="O" ycc="O" />
  </tag>
  <tag tag_name="Image data location" field_name="StripOffsets" id="0x0111" compressed="N">
    <uncompressed chunky="M" planar="M" ycc="M" />
  </tag>
  <tag tag_name="Orientation of image" field_name="Orientation" id="0x0112" compressed="O">
    <uncompressed chunky="O" planar="O" ycc="O" />
  </tag>
  <tag tag_name="Number of components" field_name="SamplesPerPixel" id="0x0115" compressed="J">
    <uncompressed chunky="M" planar="M" ycc="M" />
  </tag>
  <tag tag_name="Number of rows per strip" field_name="RowsPerStrip" id="0x0116" compressed="N">
    <uncompressed chunky="M" planar="M" ycc="M" />
  </tag>
  <tag tag_name="Bytes per compressed strip" field_name="StripByteCounts" id="0x0117" compressed="N">
    <uncompressed chunky="M" planar="M" ycc="M" />
  </tag>
  <tag tag_name="Image resolution in width direction" field_name="XResolution" id="0x011a" compressed="M">
    <uncompressed chunky="M" planar="M" ycc="M" />
  </tag>
  <tag tag_name="Image resolution in height direction" field_name="YResolution" id="0x011b" compressed="M">
    <uncompressed chunky="M" planar="M" ycc="M" />
  </tag>
  <tag tag_name="Image data arrangement" field_name="PlanarConfiguration" id="0x011c" compressed="J">
    <uncompressed chunky="O" planar="M" ycc="O" />
  </tag>
  <tag tag_name="Unit of X and Y resolution" field_name="ResolutionUnit" id="0x0128" compressed="M">
    <uncompressed chunky="M" planar="M" ycc="M" />
  </tag>
  <tag tag_name="Transfer function" field_name="TransferFunction" id="0x012d" compressed="O">
    <uncompressed chunky="O" planar="O" ycc="O" />
  </tag>
  <tag tag_name="Software used" field_name="Software" id="0x0131" compressed="O">
    <uncompressed chunky="O" planar="O" ycc="O" />
  </tag>
  <tag tag_name="File change date and time" field_name="DateTime" id="0x0132" compressed="O">
    <uncompressed chunky="O" planar="O" ycc="O" />
  </tag>
  <tag tag_name="Person who created the image" field_name="Artist" id="0x013b" compressed="O">
    <uncompressed chunky="O" planar="O" ycc="O" />
  </tag>
  <tag tag_name="White point chromaticity" field_name="WhitePoint" id="0x013e" compressed="O">
    <uncompressed chunky="O" planar="O" ycc="O" />
  </tag>
  <tag tag_name="Chromaticities of primaries" field_name="PrimaryChromaticities" id="0x013f" compressed="O">
    <uncompressed chunky="O" planar="O" ycc="O" />
  </tag>
  <tag tag_name="Offset to JPEG SOI" field_name="JPEGInterchangeFormat" id="0x0201" compressed="M">
    <uncompressed chunky="N" planar="N" ycc="N" />
  </tag>
  <tag tag_name="Bytes of JPEG data" field_name="JPEGInterchangeFormatLength" id="0x0202" compressed="M">
    <uncompressed chunky="N" planar="N" ycc="N" />
  </tag>
  <tag tag_name="Color space transformation matrix coefficients" field_name="YCbCrCoefficients" id="0x0211" compressed="O">
    <uncompressed chunky="N" planar="N" ycc="O" />
  </tag>
  <tag tag_name="Subsampling ratio of Y to C" field_name="YCbCrSubSampling" id="0x0212" compressed="J">
    <uncompressed chunky="N" planar="N" ycc="M" />
  </tag>
  <tag tag_name="Y and C positioning" field_name="YCbCrPositioning" id="0x0213" compressed="O">
    <uncompressed chunky="N" planar="N" ycc="O" />
  </tag>
  <tag tag_name="Pair of black and white reference values" field_name="ReferenceBlackWhite" id="0x0214" compressed="O">
    <uncompressed chunky="O" planar="O" ycc="O" />
  </tag>
  <tag tag_name="Copyright holder" field_name="Copyright" id="0x8298" compressed="O">
    <uncompressed chunky="O" planar="O" ycc="O" />
  </tag>
  <tag tag_name="Exif tag" field_name="ExifIFDPointer" id="0x8769" compressed="O">
    <uncompressed chunky="O" planar="O" ycc="O" />
  </tag>
  <tag tag_name="GPS tag" field_name="GPSInfoIFDPointer" id="0x8825" compressed="O">
    <uncompressed chunky="O" planar="O" ycc="O" />
  </tag>
</tags>
